task_id,condition,rep,passed,cost_usd,latency_s,input_tokens,output_tokens,cache_read_tokens,top_tier_output_tokens,changed_file_chars,diff_chars,edit_fraction,draft_failing_tests,first_passing_tier,stopped_early_at_tier,tiers_run,gate_decisions,tiers,error
c01_localized_bug__large,cascade-2-diff,0,1,0.128567,6.500,643,424,0,51,4831.0,258.0,0.05340509211343407,0,0,,2,,claude-haiku-4-5|claude-opus-4-8,
c01_localized_bug__large,cascade-2-diff,1,1,0.015447,5.496,344,432,30588,59,4831.0,258.0,0.05340509211343407,0,0,,2,,claude-haiku-4-5|claude-opus-4-8,
c01_localized_bug__large,cascade-2-rewrite,0,1,0.110719,5.099,638,368,13519,54,4831.0,258.0,0.05340509211343407,0,0,,2,,claude-haiku-4-5|claude-opus-4-8,
c01_localized_bug__large,cascade-2-rewrite,1,1,0.015281,5.242,344,386,30259,72,4831.0,258.0,0.05340509211343407,0,0,,2,,claude-haiku-4-5|claude-opus-4-8,
c01_localized_bug__large,cascade-3-diff,0,1,0.067673,7.764,850,410,30588,55,4831.0,258.0,0.05340509211343407,0,0,,3,,claude-haiku-4-5|claude-sonnet-4-6|claude-opus-4-8,
c01_localized_bug__large,cascade-3-diff,1,1,0.022470,13.973,347,490,44014,76,4831.0,258.0,0.05340509211343407,0,0,,3,,claude-haiku-4-5|claude-sonnet-4-6|claude-opus-4-8,
c01_localized_bug__large,cascade-3-rewrite,0,1,0.067379,9.205,846,503,30259,77,4831.0,258.0,0.05340509211343407,0,0,,3,,claude-haiku-4-5|claude-sonnet-4-6|claude-opus-4-8,
c01_localized_bug__large,cascade-3-rewrite,1,1,0.021697,7.705,347,473,43426,53,4831.0,258.0,0.05340509211343407,0,0,,3,,claude-haiku-4-5|claude-sonnet-4-6|claude-opus-4-8,
c01_localized_bug__medium,cascade-2-diff,0,1,0.046596,6.728,679,432,0,45,1647.0,291.0,0.1766848816029144,0,0,,2,,claude-haiku-4-5|claude-opus-4-8,
c01_localized_bug__medium,cascade-2-diff,1,1,0.008871,4.969,344,437,10299,46,1647.0,291.0,0.1766848816029144,0,0,,2,,claude-haiku-4-5|claude-opus-4-8,
c01_localized_bug__medium,cascade-2-rewrite,0,1,0.039282,4.814,674,433,4572,46,1647.0,291.0,0.1766848816029144,0,0,,2,,claude-haiku-4-5|claude-opus-4-8,
c01_localized_bug__medium,cascade-2-rewrite,1,1,0.009031,5.323,344,448,9970,61,1647.0,291.0,0.1766848816029144,0,0,,2,,claude-haiku-4-5|claude-opus-4-8,
c01_localized_bug__medium,cascade-3-diff,0,1,0.027827,7.750,847,475,10299,50,1647.0,291.0,0.1766848816029144,0,0,,3,,claude-haiku-4-5|claude-sonnet-4-6|claude-opus-4-8,
c01_localized_bug__medium,cascade-3-diff,1,1,0.012874,7.407,347,488,14778,47,1647.0,291.0,0.1766848816029144,0,0,,3,,claude-haiku-4-5|claude-sonnet-4-6|claude-opus-4-8,
c01_localized_bug__medium,cascade-3-rewrite,0,1,0.026683,7.865,843,474,9970,55,1647.0,291.0,0.1766848816029144,0,0,,3,,claude-haiku-4-5|claude-sonnet-4-6|claude-opus-4-8,
c01_localized_bug__medium,cascade-3-rewrite,1,1,0.012271,7.937,347,465,14190,46,1647.0,291.0,0.1766848816029144,0,0,,3,,claude-haiku-4-5|claude-sonnet-4-6|claude-opus-4-8,
c02_multi_site__large,cascade-2-diff,0,1,0.132190,6.763,863,726,0,92,4716.0,621.0,0.1316793893129771,0,0,,2,,claude-haiku-4-5|claude-opus-4-8,
c02_multi_site__large,cascade-2-diff,1,1,0.019173,7.362,344,735,30638,100,4716.0,621.0,0.1316793893129771,0,0,,2,,claude-haiku-4-5|claude-opus-4-8,
c02_multi_site__large,cascade-2-rewrite,0,1,0.114639,7.656,858,731,13543,96,4716.0,621.0,0.1316793893129771,0,0,,2,,claude-haiku-4-5|claude-opus-4-8,
c02_multi_site__large,cascade-2-rewrite,1,1,0.018927,6.537,344,733,30309,98,4716.0,621.0,0.1316793893129771,0,0,,2,,claude-haiku-4-5|claude-opus-4-8,
c02_multi_site__large,cascade-3-diff,0,1,0.072189,9.346,1017,785,30638,81,4716.0,621.0,0.1316793893129771,0,0,,3,,claude-haiku-4-5|claude-sonnet-4-6|claude-opus-4-8,
c02_multi_site__large,cascade-3-diff,1,1,0.026489,11.887,347,793,44088,89,4716.0,621.0,0.1316793893129771,0,0,,3,,claude-haiku-4-5|claude-sonnet-4-6|claude-opus-4-8,
c02_multi_site__large,cascade-3-rewrite,0,1,0.071895,11.392,1013,840,30309,87,4716.0,621.0,0.1316793893129771,0,0,,3,,claude-haiku-4-5|claude-sonnet-4-6|claude-opus-4-8,
c02_multi_site__large,cascade-3-rewrite,1,1,0.027086,10.395,347,846,43500,98,4716.0,621.0,0.1316793893129771,0,0,,3,,claude-haiku-4-5|claude-sonnet-4-6|claude-opus-4-8,
c02_multi_site__medium,cascade-2-diff,0,1,0.049372,6.416,914,732,0,44,1373.0,929.0,0.6766205389657683,0,0,,2,,claude-haiku-4-5|claude-opus-4-8,
c02_multi_site__medium,cascade-2-diff,1,1,0.011975,6.103,344,726,10344,55,1373.0,929.0,0.6766205389657683,0,0,,2,,claude-haiku-4-5|claude-opus-4-8,
c02_multi_site__medium,cascade-2-rewrite,0,1,0.042261,7.381,909,729,4604,58,1373.0,929.0,0.6766205389657683,0,0,,2,,claude-haiku-4-5|claude-opus-4-8,
c02_multi_site__medium,cascade-2-rewrite,1,1,0.011589,6.184,344,732,10015,44,1373.0,929.0,0.6766205389657683,0,0,,2,,claude-haiku-4-5|claude-opus-4-8,
c02_multi_site__medium,cascade-3-diff,0,1,0.031786,8.839,1069,792,10344,45,1373.0,929.0,0.6766205389657683,0,0,,3,,claude-haiku-4-5|claude-sonnet-4-6|claude-opus-4-8,
c02_multi_site__medium,cascade-3-diff,1,1,0.016730,9.689,347,777,14855,47,1373.0,929.0,0.6766205389657683,0,0,,3,,claude-haiku-4-5|claude-sonnet-4-6|claude-opus-4-8,
c02_multi_site__medium,cascade-3-rewrite,0,1,0.030442,9.249,1065,781,10015,45,1373.0,929.0,0.6766205389657683,0,0,,3,,claude-haiku-4-5|claude-sonnet-4-6|claude-opus-4-8,
c02_multi_site__medium,cascade-3-rewrite,1,1,0.016391,9.688,347,775,14267,45,1373.0,929.0,0.6766205389657683,0,0,,3,,claude-haiku-4-5|claude-sonnet-4-6|claude-opus-4-8,
c04_signature_change__large,cascade-2-diff,0,1,0.133137,7.808,661,615,0,183,3488.0,685.0,0.1963876146788991,1,1,,2,,claude-haiku-4-5|claude-opus-4-8,
c04_signature_change__large,cascade-2-diff,1,1,0.019245,6.749,344,619,30796,193,3488.0,685.0,0.1963876146788991,1,1,,2,,claude-haiku-4-5|claude-opus-4-8,
c04_signature_change__large,cascade-2-rewrite,0,1,0.130863,12.258,656,1229,13602,802,3488.0,685.0,0.1963876146788991,1,1,,2,,claude-haiku-4-5|claude-opus-4-8,
c04_signature_change__large,cascade-2-rewrite,1,1,0.034555,12.053,344,1240,30467,813,3488.0,685.0,0.1963876146788991,1,1,,2,,claude-haiku-4-5|claude-opus-4-8,
c04_signature_change__large,cascade-3-diff,0,1,0.071930,28.278,1337,693,30796,89,3488.0,685.0,0.1963876146788991,1,1,,3,,claude-haiku-4-5|claude-sonnet-4-6|claude-opus-4-8,
c04_signature_change__large,cascade-3-diff,1,1,0.026348,10.784,347,695,44305,90,3488.0,685.0,0.1963876146788991,1,1,,3,,claude-haiku-4-5|claude-sonnet-4-6|claude-opus-4-8,
c04_signature_change__large,cascade-3-rewrite,0,1,0.078177,16.620,1328,1185,30467,93,3488.0,685.0,0.1963876146788991,1,1,,3,,claude-haiku-4-5|claude-sonnet-4-6|claude-opus-4-8,
c04_signature_change__large,cascade-3-rewrite,1,1,0.033515,16.896,347,1190,43717,93,3488.0,685.0,0.1963876146788991,1,1,,3,,claude-haiku-4-5|claude-sonnet-4-6|claude-opus-4-8,
c04_signature_change__medium,cascade-2-diff,0,1,0.051432,5.876,807,606,0,193,1780.0,942.0,0.5292134831460674,1,1,,2,,claude-haiku-4-5|claude-opus-4-8,
c04_signature_change__medium,cascade-2-diff,1,1,0.013456,6.756,344,652,10388,180,1780.0,942.0,0.5292134831460674,1,1,,2,,claude-haiku-4-5|claude-opus-4-8,
c04_signature_change__medium,cascade-2-rewrite,0,1,0.061374,11.632,802,1299,4610,886,1780.0,942.0,0.5292134831460674,1,1,,2,,claude-haiku-4-5|claude-opus-4-8,
c04_signature_change__medium,cascade-2-rewrite,1,1,0.030565,11.801,344,1297,10059,884,1780.0,942.0,0.5292134831460674,1,1,,2,,claude-haiku-4-5|claude-opus-4-8,
c04_signature_change__medium,cascade-3-diff,0,1,0.032744,9.320,1538,751,10388,25,1780.0,942.0,0.5292134831460674,1,1,,3,,claude-haiku-4-5|claude-sonnet-4-6|claude-opus-4-8,
c04_signature_change__medium,cascade-3-diff,1,1,0.017502,9.669,347,696,14905,24,1780.0,942.0,0.5292134831460674,1,1,,3,,claude-haiku-4-5|claude-sonnet-4-6|claude-opus-4-8,
c04_signature_change__medium,cascade-3-rewrite,0,1,0.037001,14.490,1529,1113,10059,25,1780.0,942.0,0.5292134831460674,1,1,,3,,claude-haiku-4-5|claude-sonnet-4-6|claude-opus-4-8,
c04_signature_change__medium,cascade-3-rewrite,1,1,0.023479,15.350,347,1113,14317,25,1780.0,942.0,0.5292134831460674,1,1,,3,,claude-haiku-4-5|claude-sonnet-4-6|claude-opus-4-8,
c06_extract_function__large,cascade-2-diff,0,1,0.156344,15.438,1279,1913,0,772,5783.0,3235.0,0.5593982362095798,3,1,,2,,claude-haiku-4-5|claude-opus-4-8,
c06_extract_function__large,cascade-2-diff,1,1,0.038416,14.614,344,1839,31254,646,5719.0,2965.0,0.5184472809931806,3,1,,2,,claude-haiku-4-5|claude-opus-4-8,
c06_extract_function__large,cascade-2-rewrite,0,1,0.164573,23.971,1274,3002,13805,1809,5845.0,3522.0,0.6025662959794696,3,1,,2,,claude-haiku-4-5|claude-opus-4-8,
c06_extract_function__large,cascade-2-rewrite,1,1,0.067115,24.937,344,2994,30925,1802,5813.0,3490.0,0.6003784620677791,3,1,,2,,claude-haiku-4-5|claude-opus-4-8,
c06_extract_function__large,cascade-3-diff,0,1,0.090510,19.451,2794,1895,31254,189,5627.0,2930.0,0.5207037497778567,3,1,,3,,claude-haiku-4-5|claude-sonnet-4-6|claude-opus-4-8,
c06_extract_function__large,cascade-3-diff,1,1,0.045236,20.057,1849,1955,44966,199,5707.0,3016.0,0.5284738041002278,3,1,,3,,claude-haiku-4-5|claude-sonnet-4-6|claude-opus-4-8,
c06_extract_function__large,cascade-3-rewrite,0,1,0.147612,43.879,3028,4577,30925,1878,5840.0,3587.0,0.6142123287671233,3,1,,3,,claude-haiku-4-5|claude-sonnet-4-6|claude-opus-4-8,
c06_extract_function__large,cascade-3-rewrite,1,0,0.065354,34.727,2028,3133,44378,380,5763.0,3500.0,0.6073225750477182,3,,,3,,claude-haiku-4-5|claude-sonnet-4-6|claude-opus-4-8,
c06_extract_function__medium,cascade-2-diff,0,1,0.069411,12.529,720,1394,0,868,1420.0,1833.0,1.2908450704225352,1,1,,2,,claude-haiku-4-5|claude-opus-4-8,
c06_extract_function__medium,cascade-2-diff,1,1,0.028930,12.572,344,1336,10647,806,1420.0,1833.0,1.2908450704225352,1,1,,2,,claude-haiku-4-5|claude-opus-4-8,
c06_extract_function__medium,cascade-2-rewrite,0,1,0.056155,11.378,715,1165,4739,639,1420.0,1833.0,1.2908450704225352,1,1,,2,,claude-haiku-4-5|claude-opus-4-8,
c06_extract_function__medium,cascade-2-rewrite,1,1,0.024609,14.448,344,1171,10318,641,1420.0,1833.0,1.2908450704225352,1,1,,2,,claude-haiku-4-5|claude-opus-4-8,
c06_extract_function__medium,cascade-3-diff,0,1,0.041157,14.910,1805,1222,10647,75,1327.0,1728.0,1.3021853805576489,1,1,,3,,claude-haiku-4-5|claude-sonnet-4-6|claude-opus-4-8,
c06_extract_function__medium,cascade-3-diff,1,1,0.026745,14.351,347,1225,15293,78,1327.0,1728.0,1.3021853805576489,1,1,,3,,claude-haiku-4-5|claude-sonnet-4-6|claude-opus-4-8,
c06_extract_function__medium,cascade-3-rewrite,0,1,0.037860,14.610,1796,1065,10318,71,1327.0,1728.0,1.3021853805576489,1,1,,3,,claude-haiku-4-5|claude-sonnet-4-6|claude-opus-4-8,
c06_extract_function__medium,cascade-3-rewrite,1,1,0.024042,13.767,347,1078,14705,57,1327.0,1728.0,1.3021853805576489,1,1,,3,,claude-haiku-4-5|claude-sonnet-4-6|claude-opus-4-8,
c08_add_feature__large,cascade-2-diff,0,1,0.152813,19.733,632,1464,0,868,3912.0,1661.0,0.4245910020449898,0,1,,2,,claude-haiku-4-5|claude-opus-4-8,
c08_add_feature__large,cascade-2-diff,1,1,0.037739,12.962,344,1496,31281,900,3929.0,1680.0,0.42758971748536523,0,1,,2,,claude-haiku-4-5|claude-opus-4-8,
c08_add_feature__large,cascade-2-rewrite,0,1,0.146324,16.578,627,1924,13833,1328,3963.0,1712.0,0.43199596265455464,0,1,,2,,claude-haiku-4-5|claude-opus-4-8,
c08_add_feature__large,cascade-2-rewrite,1,1,0.048869,16.128,344,1949,30952,1353,3958.0,1709.0,0.43178372915613944,0,1,,2,,claude-haiku-4-5|claude-opus-4-8,
c08_add_feature__large,cascade-3-diff,0,1,0.088647,16.318,1584,1499,31281,493,4006.0,1755.0,0.4380928607089366,0,2,,3,,claude-haiku-4-5|claude-sonnet-4-6|claude-opus-4-8,
c08_add_feature__large,cascade-3-diff,1,1,0.042039,16.681,1099,1516,45021,506,4021.0,1768.0,0.43969161900024867,0,2,,3,,claude-haiku-4-5|claude-sonnet-4-6|claude-opus-4-8,
c08_add_feature__large,cascade-3-rewrite,0,1,0.098695,19.079,1582,1948,30952,938,4025.0,1774.0,0.4407453416149068,0,2,,3,,claude-haiku-4-5|claude-sonnet-4-6|claude-opus-4-8,
c08_add_feature__large,cascade-3-rewrite,1,1,0.052727,23.535,1100,1970,44433,919,4049.0,1799.0,0.44430723635465547,0,2,,3,,claude-haiku-4-5|claude-sonnet-4-6|claude-opus-4-8,
c08_add_feature__medium,cascade-2-diff,0,1,0.056588,8.784,668,846,0,380,2699.0,1060.0,0.39273805113004817,2,1,,2,,claude-haiku-4-5|claude-opus-4-8,
c08_add_feature__medium,cascade-2-diff,1,1,0.017585,7.952,344,837,10641,380,2699.0,1060.0,0.39273805113004817,2,1,,2,,claude-haiku-4-5|claude-opus-4-8,
c08_add_feature__medium,cascade-2-rewrite,0,1,0.057481,13.949,663,1176,4744,719,2699.0,1060.0,0.39273805113004817,2,1,,2,,claude-haiku-4-5|claude-opus-4-8,
c08_add_feature__medium,cascade-2-rewrite,1,1,0.026114,12.210,344,1186,10312,729,2699.0,1060.0,0.39273805113004817,2,1,,2,,claude-haiku-4-5|claude-opus-4-8,
c08_add_feature__medium,cascade-3-diff,0,1,0.036647,13.768,1528,983,10641,40,2699.0,1086.0,0.40237124861059653,2,1,,3,,claude-haiku-4-5|claude-sonnet-4-6|claude-opus-4-8,
c08_add_feature__medium,cascade-3-diff,1,1,0.021453,11.548,347,971,15292,22,2699.0,1086.0,0.40237124861059653,2,1,,3,,claude-haiku-4-5|claude-sonnet-4-6|claude-opus-4-8,
c08_add_feature__medium,cascade-3-rewrite,0,1,0.037274,14.951,1519,1115,10312,22,2699.0,1086.0,0.40237124861059653,2,1,,3,,claude-haiku-4-5|claude-sonnet-4-6|claude-opus-4-8,
c08_add_feature__medium,cascade-3-rewrite,1,1,0.023595,15.084,347,1125,14704,34,2699.0,1086.0,0.40237124861059653,2,1,,3,,claude-haiku-4-5|claude-sonnet-4-6|claude-opus-4-8,
c11_type_changes__large,cascade-2-diff,0,1,0.163416,17.047,646,1972,0,1356,4135.0,2583.0,0.6246674727932285,20,1,,2,,claude-haiku-4-5|claude-opus-4-8,
c11_type_changes__large,cascade-2-diff,1,1,0.049710,16.572,344,1993,30839,1377,4135.0,2583.0,0.6246674727932285,20,1,,2,,claude-haiku-4-5|claude-opus-4-8,
c11_type_changes__large,cascade-2-rewrite,0,1,0.152380,18.986,641,2241,13634,1625,4135.0,2583.0,0.6246674727932285,20,1,,2,,claude-haiku-4-5|claude-opus-4-8,
c11_type_changes__large,cascade-2-rewrite,1,1,0.055765,18.804,344,2243,30510,1627,4135.0,2583.0,0.6246674727932285,20,1,,2,,claude-haiku-4-5|claude-opus-4-8,
c11_type_changes__large,cascade-3-diff,0,1,0.101485,21.180,1256,2076,30839,1184,4135.0,2583.0,0.6246674727932285,20,2,,3,,claude-haiku-4-5|claude-sonnet-4-6|claude-opus-4-8,
c11_type_changes__large,cascade-3-diff,1,1,0.055903,21.480,347,2091,44380,1186,4135.0,2583.0,0.6246674727932285,20,2,,3,,claude-haiku-4-5|claude-sonnet-4-6|claude-opus-4-8,
c11_type_changes__large,cascade-3-rewrite,0,1,0.092832,25.094,2124,2035,30510,59,4135.0,2583.0,0.6246674727932285,20,1,,3,,claude-haiku-4-5|claude-sonnet-4-6|claude-opus-4-8,
c11_type_changes__large,cascade-3-rewrite,1,1,0.049136,25.472,347,2041,43792,65,4135.0,2583.0,0.6246674727932285,20,1,,3,,claude-haiku-4-5|claude-sonnet-4-6|claude-opus-4-8,
c11_type_changes__medium,cascade-2-diff,0,1,0.058668,9.602,600,972,0,475,862.0,1200.0,1.3921113689095128,7,1,,2,,claude-haiku-4-5|claude-opus-4-8,
c11_type_changes__medium,cascade-2-diff,1,1,0.019651,10.109,344,969,10597,472,862.0,1200.0,1.3921113689095128,7,1,,2,,claude-haiku-4-5|claude-opus-4-8,
c11_type_changes__medium,cascade-2-rewrite,0,1,0.049444,8.475,595,903,4711,406,862.0,1200.0,1.3921113689095128,7,1,,2,,claude-haiku-4-5|claude-opus-4-8,
c11_type_changes__medium,cascade-2-rewrite,1,1,0.017880,8.810,344,906,10268,409,862.0,1200.0,1.3921113689095128,7,1,,2,,claude-haiku-4-5|claude-opus-4-8,
c11_type_changes__medium,cascade-3-diff,0,1,0.035356,14.818,1467,955,10597,23,862.0,1200.0,1.3921113689095128,7,1,,3,,claude-haiku-4-5|claude-sonnet-4-6|claude-opus-4-8,
c11_type_changes__medium,cascade-3-diff,1,1,0.020568,10.693,347,954,15215,22,862.0,1200.0,1.3921113689095128,7,1,,3,,claude-haiku-4-5|claude-sonnet-4-6|claude-opus-4-8,
c11_type_changes__medium,cascade-3-rewrite,0,1,0.033123,11.008,1458,885,10268,22,862.0,1200.0,1.3921113689095128,7,1,,3,,claude-haiku-4-5|claude-sonnet-4-6|claude-opus-4-8,
c11_type_changes__medium,cascade-3-rewrite,1,1,0.019520,11.418,347,896,14627,33,862.0,1200.0,1.3921113689095128,7,1,,3,,claude-haiku-4-5|claude-sonnet-4-6|claude-opus-4-8,
c12_hygiene__large,cascade-2-diff,0,1,0.147840,11.628,601,1076,0,781,2078.0,1444.0,0.6948989412897016,4,1,,2,,claude-haiku-4-5|claude-opus-4-8,
c12_hygiene__large,cascade-2-diff,1,1,0.031774,10.369,344,1048,30978,728,2096.0,1462.0,0.6975190839694656,4,1,,2,,claude-haiku-4-5|claude-opus-4-8,
c12_hygiene__large,cascade-2-rewrite,0,1,0.133789,12.203,596,1225,13682,932,2096.0,1481.0,0.7065839694656488,4,1,,2,,claude-haiku-4-5|claude-opus-4-8,
c12_hygiene__large,cascade-2-rewrite,1,1,0.036154,13.253,344,1211,30649,916,2096.0,1481.0,0.7065839694656488,4,1,,2,,claude-haiku-4-5|claude-opus-4-8,
c12_hygiene__large,cascade-3-diff,0,1,0.091771,25.981,1571,1767,30978,166,2097.0,1462.0,0.6971864568431092,4,1,,3,,claude-haiku-4-5|claude-sonnet-4-6|claude-opus-4-8,
c12_hygiene__large,cascade-3-diff,1,1,0.045299,22.676,347,1733,44567,130,2097.0,1462.0,0.6971864568431092,4,1,,3,,claude-haiku-4-5|claude-sonnet-4-6|claude-opus-4-8,
c12_hygiene__large,cascade-3-rewrite,0,1,0.080428,16.078,1562,1117,30649,126,2097.0,1462.0,0.6971864568431092,4,1,,3,,claude-haiku-4-5|claude-sonnet-4-6|claude-opus-4-8,
c12_hygiene__large,cascade-3-rewrite,1,1,0.036405,17.327,347,1152,43979,141,2097.0,1462.0,0.6971864568431092,4,1,,3,,claude-haiku-4-5|claude-sonnet-4-6|claude-opus-4-8,
c12_hygiene__medium,cascade-2-diff,0,1,0.071050,13.161,688,1431,0,969,1529.0,1527.0,0.9986919555264879,5,1,,2,,claude-haiku-4-5|claude-opus-4-8,
c12_hygiene__medium,cascade-2-diff,1,1,0.029332,13.470,344,1307,10546,845,1529.0,1527.0,0.9986919555264879,5,1,,2,,claude-haiku-4-5|claude-opus-4-8,
c12_hygiene__medium,cascade-2-rewrite,0,1,0.056870,10.331,683,1163,4694,701,1529.0,1527.0,0.9986919555264879,5,1,,2,,claude-haiku-4-5|claude-opus-4-8,
c12_hygiene__medium,cascade-2-rewrite,1,1,0.025287,10.736,344,1153,10217,691,1529.0,1527.0,0.9986919555264879,5,1,,2,,claude-haiku-4-5|claude-opus-4-8,
c12_hygiene__medium,cascade-3-diff,0,1,0.046978,15.559,1248,1357,10546,679,1529.0,1527.0,0.9986919555264879,5,2,,3,,claude-haiku-4-5|claude-sonnet-4-6|claude-opus-4-8,
c12_hygiene__medium,cascade-3-diff,1,1,0.031815,13.988,347,1351,15147,673,1529.0,1527.0,0.9986919555264879,5,2,,3,,claude-haiku-4-5|claude-sonnet-4-6|claude-opus-4-8,
c12_hygiene__medium,cascade-3-rewrite,0,1,0.037440,12.462,1684,1087,10217,25,1517.0,1515.0,0.998681608437706,5,1,,3,,claude-haiku-4-5|claude-sonnet-4-6|claude-opus-4-8,
c12_hygiene__medium,cascade-3-rewrite,1,1,0.023818,15.682,347,1085,14559,23,1517.0,1515.0,0.998681608437706,5,1,,3,,claude-haiku-4-5|claude-sonnet-4-6|claude-opus-4-8,
c14_config_code__large,cascade-2-diff,0,1,0.152634,12.490,706,1399,0,826,7196.0,1472.0,0.2045580878265703,5,1,,2,,claude-haiku-4-5|claude-opus-4-8,
c14_config_code__large,cascade-2-diff,1,1,0.032214,15.724,1560,2113,31382,253,12046.0,1733.0,0.14386518346339033,0,0,,2,,claude-haiku-4-5|claude-opus-4-8,
c14_config_code__large,cascade-2-rewrite,0,1,0.131972,15.731,1555,2151,13836,291,12046.0,1733.0,0.14386518346339033,0,0,,2,,claude-haiku-4-5|claude-opus-4-8,
c14_config_code__large,cascade-2-rewrite,1,1,0.092294,30.471,701,3681,31053,3088,7196.0,1472.0,0.2045580878265703,5,1,,2,,claude-haiku-4-5|claude-opus-4-8,
c14_config_code__large,cascade-3-diff,0,1,0.088898,16.427,1498,1489,31382,573,7196.0,1472.0,0.2045580878265703,5,2,,3,,claude-haiku-4-5|claude-sonnet-4-6|claude-opus-4-8,
c14_config_code__large,cascade-3-diff,1,1,0.042313,18.894,1488,2224,45125,189,12046.0,1733.0,0.14386518346339033,0,0,,3,,claude-haiku-4-5|claude-sonnet-4-6|claude-opus-4-8,
c14_config_code__large,cascade-3-rewrite,0,1,0.136425,34.441,1489,3567,31053,2308,7196.0,1472.0,0.2045580878265703,5,2,,3,,claude-haiku-4-5|claude-sonnet-4-6|claude-opus-4-8,
c14_config_code__large,cascade-3-rewrite,1,1,0.091463,35.126,347,3597,44537,2320,7196.0,1472.0,0.2045580878265703,5,2,,3,,claude-haiku-4-5|claude-sonnet-4-6|claude-opus-4-8,
c14_config_code__medium,cascade-2-diff,0,1,0.052591,8.236,922,854,0,110,1859.0,620.0,0.3335126412049489,0,0,,2,,claude-haiku-4-5|claude-opus-4-8,
c14_config_code__medium,cascade-2-diff,1,1,0.013290,7.801,344,831,10647,87,1859.0,620.0,0.3335126412049489,0,0,,2,,claude-haiku-4-5|claude-opus-4-8,
c14_config_code__medium,cascade-2-rewrite,0,1,0.045097,8.348,917,856,4733,111,1859.0,620.0,0.3335126412049489,0,0,,2,,claude-haiku-4-5|claude-opus-4-8,
c14_config_code__medium,cascade-2-rewrite,1,1,0.012969,7.691,344,826,10318,82,1859.0,620.0,0.3335126412049489,0,0,,2,,claude-haiku-4-5|claude-opus-4-8,
c14_config_code__medium,cascade-3-diff,0,1,0.034568,12.569,1035,948,10647,92,1859.0,620.0,0.3335126412049489,0,0,,3,,claude-haiku-4-5|claude-sonnet-4-6|claude-opus-4-8,
c14_config_code__medium,cascade-3-diff,1,1,0.019581,12.669,347,969,15287,112,1859.0,620.0,0.3335126412049489,0,0,,3,,claude-haiku-4-5|claude-sonnet-4-6|claude-opus-4-8,
c14_config_code__medium,cascade-3-rewrite,0,1,0.033944,11.875,1031,977,10318,104,1859.0,620.0,0.3335126412049489,0,0,,3,,claude-haiku-4-5|claude-sonnet-4-6|claude-opus-4-8,
c14_config_code__medium,cascade-3-rewrite,1,1,0.019222,15.691,347,973,14699,99,1859.0,620.0,0.3335126412049489,0,0,,3,,claude-haiku-4-5|claude-sonnet-4-6|claude-opus-4-8,
